X,sp,pt,treatment,area,isolation,k,lnK
BSD1,BL,F,G,0.420607766,3.407899468,0.251132097,0.224048819
BSD1,BL,F,N,0.420607766,3.407899468,0.391427194,0.143460487
BSD1,CM,F,G,0.420607766,3.407899468,0.284827172,0.108844713
BSD1,CM,F,N,0.420607766,3.407899468,0.344781483,0.12865172
BSD1,FX,F,G,0.420607766,3.407899468,0.697020337,0.229687047
BSD1,FX,F,N,0.420607766,3.407899468,0.97735178,0.296083939
BSD1,MH,F,G,0.420607766,3.407899468,0.315197553,0.118990992
BSD1,MH,F,N,0.420607766,3.407899468,0.408440769,0.148738588
BSD1,QG,F,G,0.420607766,3.407899468,0.141748128,0.057570308
BSD1,QG,F,N,0.420607766,3.407899468,0.309499533,0.117105348
BSD1,XZ,F,G,0.420607766,3.407899468,0.346790121,0.129299922
BSD1,XZ,F,N,0.420607766,3.407899468,0.415761816,0.150990195
CB1,BL,F,G,2.496153703,3.339067569,0.329440095,0.284757872
CB1,BL,F,N,2.496153703,3.339067569,0.640640604,0.215013456
CB1,CM,F,G,2.496153703,3.339067569,0.332548591,0.124683054
CB1,CM,F,N,2.496153703,3.339067569,0.518848175,0.181514364
CB1,FX,F,G,2.496153703,3.339067569,0.896835964,0.278029775
CB1,FX,F,N,2.496153703,3.339067569,1.556240435,0.4076017
CB1,MH,F,G,2.496153703,3.339067569,0.351008099,0.130657953
CB1,MH,F,N,2.496153703,3.339067569,0.388617671,0.142582688
CB1,QG,F,G,2.496153703,3.339067569,0.151755999,0.061360483
CB1,QG,F,N,2.496153703,3.339067569,0.253653281,0.098177442
CB1,XZ,F,G,2.496153703,3.339067569,0.39909076,0.145845888
CB1,XZ,F,N,2.496153703,3.339067569,0.55081495,0.190559979
CB2,BL,G,G,2.496153703,3.339067569,0.244960323,0.095155511
CB2,BL,G,N,2.496153703,3.339067569,0.350036965,0.13034566
CB2,CM,G,G,2.496153703,3.339067569,0.299663916,0.113831061
CB2,CM,G,N,2.496153703,3.339067569,0.145637771,0.059047324
CB2,FX,G,G,2.496153703,3.339067569,0.708007662,0.232489815
CB2,FX,G,N,2.496153703,3.339067569,0.733206062,0.238850199
CB2,MH,G,G,2.496153703,3.339067569,0.282655227,0.108109935
CB2,MH,G,N,2.496153703,3.339067569,0.225855166,0.088439162
CB2,QG,G,G,2.496153703,3.339067569,0.223955708,0.087765702
CB2,QG,G,N,2.496153703,3.339067569,0.321219118,0.120974849
CB2,XZ,G,G,2.496153703,3.339067569,0.399339525,0.145923101
CB2,XZ,G,N,2.496153703,3.339067569,0.439420641,0.158187726
CT1,BL,F,G,2.611012007,3.651297344,0.203155499,0.184947688
CT1,BL,F,N,2.611012007,3.651297344,0.29207623,0.111288137
CT1,CM,F,G,2.611012007,3.651297344,0.226925893,0.088818332
CT1,CM,F,N,2.611012007,3.651297344,0.333469338,0.124983034
CT1,FX,F,G,2.611012007,3.651297344,0.384860047,0.141405886
CT1,FX,F,N,2.611012007,3.651297344,0.986097002,0.298000456
CT1,MH,F,G,2.611012007,3.651297344,0.268014935,0.103124369
CT1,MH,F,N,2.611012007,3.651297344,0.342166205,0.127806299
CT1,QG,F,G,2.611012007,3.651297344,0.169773745,0.06810187
CT1,QG,F,N,2.611012007,3.651297344,0.281929626,0.107864184
CT1,XZ,F,G,2.611012007,3.651297344,0.275319934,0.105619148
CT1,XZ,F,N,2.611012007,3.651297344,0.355049019,0.131955006
CT2,BL,G,G,2.611012007,3.651297344,0.285077585,0.108929348
CT2,BL,G,N,2.611012007,3.651297344,0.29935412,0.113727528
CT2,CM,G,G,2.611012007,3.651297344,0.135333006,0.055123264
CT2,CM,G,N,2.611012007,3.651297344,0.191575485,0.07612156
CT2,FX,G,G,2.611012007,3.651297344,0.590057389,0.201412799
CT2,FX,G,N,2.611012007,3.651297344,0.626070027,0.211139245
CT2,MH,G,G,2.611012007,3.651297344,0.301228982,0.114353728
CT2,MH,G,N,2.611012007,3.651297344,0.241598947,0.093981336
CT2,QG,G,G,2.611012007,3.651297344,0.086329927,0.035961744
CT2,QG,G,N,2.611012007,3.651297344,0.574818832,0.1972306
CT2,XZ,G,G,2.611012007,3.651297344,0.27588233,0.105810623
CT2,XZ,G,N,2.611012007,3.651297344,0.327230766,0.12294644
CZ1,BL,F,G,2.716707303,2.72190191,0.415144288,0.347231496
CZ1,BL,F,N,2.716707303,2.72190191,0.556888869,0.192257614
CZ1,CM,F,G,2.716707303,2.72190191,0.168922145,0.067785586
CZ1,CM,F,N,2.716707303,2.72190191,0.381803752,0.140446368
CZ1,FX,F,G,2.716707303,2.72190191,0.717900234,0.234997939
CZ1,FX,F,N,2.716707303,2.72190191,1.029051338,0.307293035
CZ1,MH,F,G,2.716707303,2.72190191,0.274991356,0.10550724
CZ1,MH,F,N,2.716707303,2.72190191,0.560924555,0.193381913
CZ1,QG,F,G,2.716707303,2.72190191,0.251200183,0.097326799
CZ1,QG,F,N,2.716707303,2.72190191,0.395615271,0.144765713
CZ1,XZ,F,G,2.716707303,2.72190191,0.333833841,0.125101732
CZ1,XZ,F,N,2.716707303,2.72190191,0.635294761,0.213596045
CZ2,BL,G,N,2.716707303,2.72190191,0.565762168,0.194725795
CZ2,CM,G,N,2.716707303,2.72190191,0.443446843,0.159400795
CZ2,FX,G,N,2.716707303,2.72190191,0.875715564,0.273166982
CZ2,MH,G,N,2.716707303,2.72190191,0.594072426,0.202508049
CZ2,QG,G,N,2.716707303,2.72190191,0.424037294,0.153521363
CZ2,XZ,G,N,2.716707303,2.72190191,0.423558564,0.153375338
DBD1,BL,F,G,2.679726305,2.612400994,0.298509012,0.261216692
DBD1,BL,F,N,2.679726305,2.612400994,0.475421639,0.168916149
DBD1,CM,F,G,2.679726305,2.612400994,0.324238994,0.121966372
DBD1,CM,F,N,2.679726305,2.612400994,0.503325268,0.177052957
DBD1,FX,F,G,2.679726305,2.612400994,0.554549321,0.191604505
DBD1,FX,F,N,2.679726305,2.612400994,1.224280146,0.347189485
DBD1,MH,F,G,2.679726305,2.612400994,0.475421639,0.168916149
DBD1,MH,F,N,2.679726305,2.612400994,0.530954535,0.184962294
DBD1,QG,F,G,2.679726305,2.612400994,0.23070457,0.090153813
DBD1,QG,F,N,2.679726305,2.612400994,0.273217941,0.10490275
DBD1,XZ,F,G,2.679726305,2.612400994,0.476836562,0.169332436
DBD1,XZ,F,N,2.679726305,2.612400994,0.496387369,0.175044034
DBD2,BL,G,G,2.679726305,2.612400994,0.321305295,0.121003175
DBD2,BL,G,N,2.679726305,2.612400994,0.306660743,0.116162843
DBD2,CM,G,G,2.679726305,2.612400994,0.236667265,0.092252865
DBD2,CM,G,N,2.679726305,2.612400994,0.504893482,0.177505761
DBD2,FX,G,G,2.679726305,2.612400994,0.911504832,0.2813754
DBD2,FX,G,N,2.679726305,2.612400994,1.104042753,0.32305456
DBD2,MH,G,G,2.679726305,2.612400994,0.460279723,0.164436055
DBD2,MH,G,N,2.679726305,2.612400994,0.353913848,0.13159103
DBD2,QG,G,G,2.679726305,2.612400994,0.130434299,0.053245326
DBD2,QG,G,N,2.679726305,2.612400994,0.214412101,0.084366086
DBD2,XZ,G,G,2.679726305,2.612400994,0.437374046,0.157569799
DBD2,XZ,G,N,2.679726305,2.612400994,0.454544963,0.162727151
DCT1,BL,F,G,3.545127571,3.65611825,0.181236203,0.16656152
DCT1,BL,F,N,3.545127571,3.65611825,0.450743744,0.161590706
DCT1,CM,F,G,3.545127571,3.65611825,0.317803904,0.11985079
DCT1,CM,F,N,3.545127571,3.65611825,0.352133929,0.131019711
DCT1,FX,F,G,3.545127571,3.65611825,0.664326316,0.22123848
DCT1,FX,F,N,3.545127571,3.65611825,0.851029379,0.267413312
DCT1,MH,F,G,3.545127571,3.65611825,0.288418234,0.110056862
DCT1,MH,F,N,3.545127571,3.65611825,0.556385865,0.192117278
DCT1,QG,F,G,3.545127571,3.65611825,0.218978144,0.085995919
DCT1,QG,F,N,3.545127571,3.65611825,0.15297213,0.06181881
DCT1,XZ,F,G,3.545127571,3.65611825,0.390622304,0.143209191
DCT1,XZ,F,N,3.545127571,3.65611825,0.347584,0.129555846
DCT2,BL,G,G,3.545127571,3.65611825,0.413885791,0.15041433
DCT2,BL,G,N,3.545127571,3.65611825,0.339337503,0.12689003
DCT2,CM,G,G,3.545127571,3.65611825,0.383307082,0.1409186
DCT2,CM,G,N,3.545127571,3.65611825,0.295261908,0.112357594
DCT2,FX,G,G,3.545127571,3.65611825,0.62065621,0.209690898
DCT2,FX,G,N,3.545127571,3.65611825,0.604280491,0.205280302
DCT2,MH,G,G,3.545127571,3.65611825,0.230993958,0.090255921
DCT2,MH,G,N,3.545127571,3.65611825,0.415869795,0.151023317
DCT2,QG,G,G,3.545127571,3.65611825,0.214721492,0.084476716
DCT2,QG,G,N,3.545127571,3.65611825,0.216489079,0.085108214
DCT2,XZ,G,G,3.545127571,3.65611825,0.467638198,0.166619007
DCT2,XZ,G,N,3.545127571,3.65611825,0.593372847,0.202317412
DFS2,BL,F,G,1.078503305,4.179511254,0.295735715,0.259078654
DFS2,BL,F,N,1.078503305,4.179511254,0.502847764,0.17691499
DFS2,CM,F,G,1.078503305,4.179511254,0.310541479,0.117450771
DFS2,CM,F,N,1.078503305,4.179511254,0.734766523,0.239241033
DFS2,FX,F,G,1.078503305,4.179511254,0.78570591,0.251809936
DFS2,FX,F,N,1.078503305,4.179511254,0.666370716,0.221771625
DFS2,MH,F,G,1.078503305,4.179511254,0.395018551,0.144579983
DFS2,MH,F,N,1.078503305,4.179511254,0.534382881,0.185933744
DFS2,QG,F,G,1.078503305,4.179511254,0.285648561,0.109122268
DFS2,QG,F,N,1.078503305,4.179511254,0.301854104,0.114562317
DFS2,XZ,F,G,1.078503305,4.179511254,0.37001293,0.136724666
DFS2,XZ,F,N,1.078503305,4.179511254,0.685421148,0.226708439
DFS3,BL,G,G,1.078503305,4.179511254,0.22507809,0.088163773
DFS3,BL,G,N,1.078503305,4.179511254,0.804416915,0.25633689
DFS3,CM,G,G,1.078503305,4.179511254,0.249016422,0.096568148
DFS3,CM,G,N,1.078503305,4.179511254,0.659191757,0.219896581
DFS3,FX,G,G,1.078503305,4.179511254,0.920949853,0.283516028
DFS3,FX,G,N,1.078503305,4.179511254,1.438785358,0.387173579
DFS3,MH,G,G,1.078503305,4.179511254,0.344000887,0.128399555
DFS3,MH,G,N,1.078503305,4.179511254,0.672905913,0.223471516
DFS3,QG,G,G,1.078503305,4.179511254,0.263854663,0.101697135
DFS3,QG,G,N,1.078503305,4.179511254,0.404226761,0.147437245
DFS3,XZ,G,G,1.078503305,4.179511254,0.494033702,0.174360394
DFS3,XZ,G,N,1.078503305,4.179511254,0.855814914,0.268534661
DQSY1,BL,G,G,-2.732015048,4.069265505,0.357918309,0.132873644
DQSY1,BL,G,N,-2.732015048,4.069265505,0.342189539,0.12781385
DQSY1,CM,G,G,-2.732015048,4.069265505,0.270250183,0.103889266
DQSY1,CM,G,N,-2.732015048,4.069265505,0.352133929,0.131019711
DQSY1,FX,G,G,-2.732015048,4.069265505,0.698122859,0.229969108
DQSY1,FX,G,N,-2.732015048,4.069265505,1.514422382,0.400438234
DQSY1,MH,G,G,-2.732015048,4.069265505,0.263511415,0.10157917
DQSY1,MH,G,N,-2.732015048,4.069265505,0.44242097,0.159092028
DQSY1,QG,G,G,-2.732015048,4.069265505,0.160177978,0.064524618
DQSY1,QG,G,N,-2.732015048,4.069265505,0.185198753,0.073791186
DQSY1,XZ,G,G,-2.732015048,4.069265505,0.301014989,0.1142823
DQSY1,XZ,G,N,-2.732015048,4.069265505,0.335727106,0.125717739
DS1,BL,F,G,4.695648922,3.609315633,0.186512947,0.171018709
DS1,BL,F,N,4.695648922,3.609315633,0.476625744,0.169270436
DS1,CM,F,G,4.695648922,3.609315633,0.298586528,0.113470893
DS1,CM,F,N,4.695648922,3.609315633,0.579895284,0.198628303
DS1,FX,F,G,4.695648922,3.609315633,0.532257319,0.185331704
DS1,FX,F,N,4.695648922,3.609315633,1.079339315,0.317925365
DS1,MH,F,G,4.695648922,3.609315633,0.411871816,0.149795269
DS1,MH,F,N,4.695648922,3.609315633,0.512761971,0.179770598
DS1,QG,F,G,4.695648922,3.609315633,0.294099945,0.111967819
DS1,QG,F,N,4.695648922,3.609315633,0.256498296,0.099161904
DS1,XZ,F,G,4.695648922,3.609315633,0.395953435,0.144870932
DS1,XZ,F,N,4.695648922,3.609315633,0.55712395,0.192323185
DS3,BL,F,G,4.695648922,3.609315633,0.256054629,0.227975562
DS3,BL,F,N,4.695648922,3.609315633,0.622857367,0.210280351
DS3,CM,F,G,4.695648922,3.609315633,0.416302492,0.151156019
DS3,CM,F,N,4.695648922,3.609315633,0.507766755,0.178334163
DS3,FX,F,G,4.695648922,3.609315633,0.518615235,0.181447752
DS3,FX,F,N,4.695648922,3.609315633,0.791164407,0.253135451
DS3,MH,F,G,4.695648922,3.609315633,0.36531516,0.135232913
DS3,MH,F,N,4.695648922,3.609315633,0.402369394,0.146862425
DS3,QG,F,G,4.695648922,3.609315633,0.205004144,0.08098854
DS3,QG,F,N,4.695648922,3.609315633,0.232341643,0.090731124
DS3,XZ,F,G,4.695648922,3.609315633,0.416584753,0.151242563
DS3,XZ,F,N,4.695648922,3.609315633,0.882041482,0.274629191
DS4,BL,F,G,4.695648922,3.609315633,0.407427851,0.341763819
DS4,BL,F,N,4.695648922,3.609315633,0.458525501,0.163914027
DS4,CM,F,G,4.695648922,3.609315633,0.369126672,0.136443631
DS4,CM,F,N,4.695648922,3.609315633,0.637725276,0.214241052
DS4,FX,F,G,4.695648922,3.609315633,0.596797613,0.203249875
DS4,FX,F,N,4.695648922,3.609315633,0.727582625,0.237438828
DS4,MH,F,G,4.695648922,3.609315633,0.487723676,0.172522275
DS4,MH,F,N,4.695648922,3.609315633,0.299452693,0.113760473
DS4,QG,F,G,4.695648922,3.609315633,0.23070457,0.090153813
DS4,QG,F,N,4.695648922,3.609315633,0.524074523,0.183006203
DS4,XZ,F,G,4.695648922,3.609315633,0.494261101,0.174426491
DS4,XZ,F,N,4.695648922,3.609315633,0.701667402,0.230874679
DS5,BL,G,G,4.695648922,3.609315633,0.268229026,0.103197689
DS5,BL,G,N,4.695648922,3.609315633,0.312298004,0.118032468
DS5,CM,G,G,4.695648922,3.609315633,0.239282898,0.093170457
DS5,CM,G,N,4.695648922,3.609315633,0.787352379,0.252210183
DS5,FX,G,G,4.695648922,3.609315633,0.592349424,0.202038375
DS5,FX,G,N,4.695648922,3.609315633,1.493312907,0.396776785
DS5,MH,G,G,4.695648922,3.609315633,0.249952358,0.09689346
DS5,MH,G,N,4.695648922,3.609315633,0.450367958,0.161478197
DS5,QG,G,G,4.695648922,3.609315633,0.23070457,0.090153813
DS5,QG,G,N,4.695648922,3.609315633,0.285657688,0.109125351
DS5,XZ,G,G,4.695648922,3.609315633,0.239829521,0.093361973
DS5,XZ,G,N,4.695648922,3.609315633,0.849144356,0.266970816
FD1,BL,F,G,2.040276397,1.941285488,0.280788449,0.247475864
FD1,BL,F,N,2.040276397,1.941285488,0.392868723,0.143910186
FD1,CM,F,G,2.040276397,1.941285488,0.329974621,0.123843354
FD1,CM,F,N,2.040276397,1.941285488,0.47554394,0.168952147
FD1,FX,F,G,2.040276397,1.941285488,0.599918217,0.204097783
FD1,FX,F,N,2.040276397,1.941285488,1.406076007,0.381309342
FD1,MH,F,G,2.040276397,1.941285488,0.394682444,0.144475334
FD1,MH,F,N,2.040276397,1.941285488,0.507768315,0.178334613
FD1,QG,F,G,2.040276397,1.941285488,0.18017525,0.071946503
FD1,QG,F,N,2.040276397,1.941285488,0.258141008,0.099729318
FD1,XZ,F,G,2.040276397,1.941285488,0.416794865,0.151306974
FD1,XZ,F,N,2.040276397,1.941285488,0.317803904,0.11985079
FD2,BL,G,G,2.040276397,1.941285488,0.452811094,0.162209148
FD2,BL,G,N,2.040276397,1.941285488,0.253872798,0.098253481
FD2,CM,G,G,2.040276397,1.941285488,0.313474294,0.118421578
FD2,CM,G,N,2.040276397,1.941285488,0.432494735,0.156093034
FD2,FX,G,G,2.040276397,1.941285488,0.497863092,0.17547212
FD2,FX,G,N,2.040276397,1.941285488,1.254050261,0.352963596
FD2,MH,G,G,2.040276397,1.941285488,0.278153375,0.106582971
FD2,MH,G,N,2.040276397,1.941285488,0.423413355,0.153331036
FD2,QG,G,G,2.040276397,1.941285488,0.272284145,0.104584115
FD2,QG,G,N,2.040276397,1.941285488,0.307464136,0.116429785
FD2,XZ,G,G,2.040276397,1.941285488,0.362076591,0.134201529
FD2,XZ,G,N,2.040276397,1.941285488,0.388038717,0.14240158
GTXMTY1,BL,F,G,-5.533539825,3.620224162,0.254513055,0.226747493
GTXMTY1,BL,F,N,-5.533539825,3.620224162,0.485447564,0.171857326
GTXMTY1,CM,F,G,-5.533539825,3.620224162,0.441951746,0.158950727
GTXMTY1,CM,F,N,-5.533539825,3.620224162,0.488240332,0.17267307
GTXMTY1,FX,F,G,-5.533539825,3.620224162,0.574584076,0.197165855
GTXMTY1,FX,F,N,-5.533539825,3.620224162,1.394414001,0.379199243
GTXMTY1,MH,F,G,-5.533539825,3.620224162,0.303937564,0.115256797
GTXMTY1,MH,F,N,-5.533539825,3.620224162,0.432896135,0.156214711
GTXMTY1,QG,F,G,-5.533539825,3.620224162,0.199908713,0.079148207
GTXMTY1,QG,F,N,-5.533539825,3.620224162,0.271947143,0.104469064
GTXMTY1,XZ,F,G,-5.533539825,3.620224162,0.464856248,0.165795008
GTXMTY1,XZ,F,N,-5.533539825,3.620224162,0.754794909,0.244226366
HLD1,BL,F,G,-0.015225035,3.440505575,0.237667402,0.213228481
HLD1,BL,F,N,-0.015225035,3.440505575,0.364471113,0.134964346
HLD1,CM,F,G,-0.015225035,3.440505575,0.294023915,0.111942303
HLD1,CM,F,N,-0.015225035,3.440505575,0.345091318,0.12875177
HLD1,FX,F,G,-0.015225035,3.440505575,0.736499147,0.239674574
HLD1,FX,F,N,-0.015225035,3.440505575,0.833601145,0.263304871
HLD1,MH,F,G,-0.015225035,3.440505575,0.444647284,0.159761825
HLD1,MH,F,N,-0.015225035,3.440505575,0.534296803,0.18590938
HLD1,QG,F,G,-0.015225035,3.440505575,0.210856675,0.08309274
HLD1,QG,F,N,-0.015225035,3.440505575,0.176789767,0.070698883
HLD1,XZ,F,G,-0.015225035,3.440505575,0.30984182,0.117218852
HLD1,XZ,F,N,-0.015225035,3.440505575,0.279820733,0.107149141
JT1,BL,F,G,4.388387937,1.144118754,0.39044206,0.329621725
JT1,BL,F,N,4.388387937,1.144118754,0.478508563,0.169823844
JT1,CM,F,G,4.388387937,1.144118754,0.36531516,0.135232913
JT1,CM,F,N,4.388387937,1.144118754,0.479334258,0.170066315
JT1,FX,F,G,4.388387937,1.144118754,0.508477056,0.178538709
JT1,FX,F,N,4.388387937,1.144118754,0.827710188,0.261907333
JT1,MH,F,G,4.388387937,1.144118754,0.260740278,0.100625628
JT1,MH,F,N,4.388387937,1.144118754,0.41988338,0.152252676
JT1,QG,F,G,4.388387937,1.144118754,0.25489836,0.098608552
JT1,QG,F,N,4.388387937,1.144118754,0.348082698,0.129716535
JT1,XZ,F,G,4.388387937,1.144118754,0.35629573,0.132354394
JT1,XZ,F,N,4.388387937,1.144118754,0.674902492,0.223989529
JT4,BL,G,G,4.388387937,1.144118754,0.617302449,0.208791244
JT4,BL,G,N,4.388387937,1.144118754,0.783292708,0.251222634
JT4,CM,G,G,4.388387937,1.144118754,0.279547938,0.107056561
JT4,CM,G,N,4.388387937,1.144118754,0.615614693,0.208337794
JT4,FX,G,G,4.388387937,1.144118754,0.642894313,0.215609626
JT4,FX,G,N,4.388387937,1.144118754,1.506952691,0.399146138
JT4,MH,G,G,4.388387937,1.144118754,0.437886158,0.157724503
JT4,MH,G,N,4.388387937,1.144118754,0.490833995,0.173429287
JT4,QG,G,G,4.388387937,1.144118754,0.30723969,0.116355225
JT4,QG,G,N,4.388387937,1.144118754,0.470410728,0.167438663
JT4,XZ,G,G,4.388387937,1.144118754,0.34998466,0.130328834
JT4,XZ,G,N,4.388387937,1.144118754,0.655693091,0.218979837
LH1,BL,F,G,4.648950834,1.901160108,0.254839403,0.227007599
LH1,BL,F,N,4.648950834,1.901160108,0.685465532,0.226719876
LH1,CM,F,G,4.648950834,1.901160108,0.260937217,0.100693463
LH1,CM,F,N,4.648950834,1.901160108,0.634826442,0.213471653
LH1,FX,F,G,4.648950834,1.901160108,0.634816873,0.213469111
LH1,FX,F,N,4.648950834,1.901160108,1.638034055,0.421280398
LH1,MH,F,G,4.648950834,1.901160108,0.260740278,0.100625628
LH1,MH,F,N,4.648950834,1.901160108,0.2755557,0.105699428
LH1,QG,F,G,4.648950834,1.901160108,0.230841045,0.09020197
LH1,QG,F,N,4.648950834,1.901160108,0.219254239,0.086094274
LH1,XZ,F,G,4.648950834,1.901160108,0.398563145,0.14568208
LH1,XZ,F,N,4.648950834,1.901160108,0.594549907,0.202638117
LHD2,BL,F,G,4.648950834,1.901160108,0.33952699,0.292316559
LHD2,BL,F,N,4.648950834,1.901160108,0.434683992,0.156756253
LHD2,CM,F,G,4.648950834,1.901160108,0.227879189,0.089155639
LHD2,CM,F,N,4.648950834,1.901160108,0.345323102,0.1288266
LHD2,FX,F,G,4.648950834,1.901160108,0.665544404,0.221556216
LHD2,FX,F,N,4.648950834,1.901160108,0.731858734,0.238512464
LHD2,MH,F,G,4.648950834,1.901160108,0.426423725,0.154248554
LHD2,MH,F,N,4.648950834,1.901160108,0.406090121,0.148013157
LHD2,QG,F,G,4.648950834,1.901160108,0.203159219,0.080323103
LHD2,QG,F,N,4.648950834,1.901160108,0.243376469,0.094602644
LHD2,XZ,F,G,4.648950834,1.901160108,0.313609278,0.118466207
LHD2,XZ,F,N,4.648950834,1.901160108,0.450624661,0.161555056
LJS1,BL,F,G,-0.95566938,3.417977775,0.258939756,0.230269903
LJS1,BL,F,N,-0.95566938,3.417977775,0.333135948,0.124874439
LJS1,CM,F,G,-0.95566938,3.417977775,0.277841049,0.106476835
LJS1,CM,F,N,-0.95566938,3.417977775,0.51877064,0.181492193
LJS1,FX,F,G,-0.95566938,3.417977775,0.595168786,0.202806643
LJS1,FX,F,N,-0.95566938,3.417977775,0.621456209,0.209905224
LJS1,MH,F,G,-0.95566938,3.417977775,0.319514923,0.120414306
LJS1,MH,F,N,-0.95566938,3.417977775,0.375605139,0.13849379
LJS1,QG,F,G,-0.95566938,3.417977775,0.168018543,0.067449738
LJS1,QG,F,N,-0.95566938,3.417977775,0.2903419,0.1107048
LJS1,XZ,F,G,-0.95566938,3.417977775,0.353749009,0.131538152
LJS1,XZ,F,N,-0.95566938,3.417977775,0.523442431,0.182826047
MYD1,BL,F,G,1.057992735,2.326882976,0.296728202,0.259844324
MYD1,BL,F,N,1.057992735,2.326882976,0.392174039,0.143693531
MYD1,CM,F,G,1.057992735,2.326882976,0.258409249,0.099821902
MYD1,CM,F,N,1.057992735,2.326882976,0.836577524,0.264009265
MYD1,FX,F,G,1.057992735,2.326882976,0.684989899,0.226597302
MYD1,FX,F,N,1.057992735,2.326882976,1.729538829,0.436089277
MYD1,MH,F,G,1.057992735,2.326882976,0.221300032,0.086822368
MYD1,MH,F,N,1.057992735,2.326882976,0.492745972,0.173985908
MYD1,QG,F,G,1.057992735,2.326882976,0.20480155,0.080915518
MYD1,QG,F,N,1.057992735,2.326882976,0.391573616,0.143506186
MYD1,XZ,F,G,1.057992735,2.326882976,0.27588233,0.105810623
MYD1,XZ,F,N,1.057992735,2.326882976,0.44775157,0.160694045
MYD2,BL,G,G,1.057992735,2.326882976,0.356628147,0.132460823
MYD2,BL,G,N,1.057992735,2.326882976,0.605810589,0.205694317
MYD2,CM,G,G,1.057992735,2.326882976,0.242591919,0.094328525
MYD2,CM,G,N,1.057992735,2.326882976,0.303899071,0.115243976
MYD2,FX,G,G,1.057992735,2.326882976,0.585055189,0.200044388
MYD2,FX,G,N,1.057992735,2.326882976,0.748501876,0.242666103
MYD2,MH,G,G,1.057992735,2.326882976,0.462173283,0.164998844
MYD2,MH,G,N,1.057992735,2.326882976,0.364707091,0.135039448
MYD2,QG,G,G,1.057992735,2.326882976,0.195237784,0.077454314
MYD2,QG,G,N,1.057992735,2.326882976,0.21873004,0.085907516
MYD2,XZ,G,G,1.057992735,2.326882976,0.647304798,0.216773963
MYD2,XZ,G,N,1.057992735,2.326882976,0.361029127,0.13386742
MZH1,BL,F,G,0.973413301,4.120456745,0.351646555,0.30132352
MZH1,BL,F,N,0.973413301,4.120456745,0.464473719,0.165681582
MZH1,CM,F,G,0.973413301,4.120456745,0.378313392,0.139347976
MZH1,CM,F,N,0.973413301,4.120456745,0.496295378,0.175017334
MZH1,FX,F,G,0.973413301,4.120456745,0.641734707,0.215302979
MZH1,FX,F,N,0.973413301,4.120456745,1.049721351,0.311694825
MZH1,MH,F,G,0.973413301,4.120456745,0.355959683,0.132246777
MZH1,MH,F,N,0.973413301,4.120456745,0.50405102,0.177262569
MZH1,QG,F,G,0.973413301,4.120456745,0.154274447,0.062309081
MZH1,QG,F,N,0.973413301,4.120456745,0.339568664,0.12696498
MZH1,XZ,F,G,0.973413301,4.120456745,0.392174039,0.143693531
MZH1,XZ,F,N,0.973413301,4.120456745,0.557058708,0.192304988
MZH2,BL,G,G,0.973413301,4.120456745,0.272842816,0.104774776
MZH2,BL,G,N,0.973413301,4.120456745,0.473109302,0.168234972
MZH2,CM,G,G,0.973413301,4.120456745,0.234533155,0.091502758
MZH2,CM,G,N,0.973413301,4.120456745,0.537534585,0.186824893
MZH2,FX,G,G,0.973413301,4.120456745,0.636150598,0.213823275
MZH2,FX,G,N,0.973413301,4.120456745,1.35687814,0.372337128
MZH2,MH,G,G,0.973413301,4.120456745,0.272740004,0.104739695
MZH2,MH,G,N,0.973413301,4.120456745,0.397521996,0.145358652
MZH2,QG,G,G,0.973413301,4.120456745,0.15324541,0.061921735
MZH2,QG,G,N,0.973413301,4.120456745,0.212160566,0.083560151
MZH2,XZ,G,G,0.973413301,4.120456745,0.30016257,0.113997659
MZH2,XZ,G,N,0.973413301,4.120456745,0.469227998,0.167089196
PTS1,BL,F,G,2.484226779,3.18354701,0.278436699,0.245638003
PTS1,BL,F,N,2.484226779,3.18354701,0.40389705,0.147335261
PTS1,CM,F,G,2.484226779,3.18354701,0.234034584,0.091327331
PTS1,CM,F,N,2.484226779,3.18354701,0.588037638,0.200860791
PTS1,FX,F,G,2.484226779,3.18354701,0.790882337,0.253067053
PTS1,FX,F,N,2.484226779,3.18354701,1.09545292,0.321277908
PTS1,MH,F,G,2.484226779,3.18354701,0.263253747,0.101490595
PTS1,MH,F,N,2.484226779,3.18354701,0.174126271,0.069714805
PTS1,QG,F,G,2.484226779,3.18354701,0.212084812,0.083533009
PTS1,QG,F,N,2.484226779,3.18354701,0.200914576,0.079512116
PTS1,XZ,F,G,2.484226779,3.18354701,0.356029768,0.132269223
PTS1,XZ,F,N,2.484226779,3.18354701,0.598781444,0.203789099
PTS2,BL,F,G,2.484226779,3.18354701,0.306494014,0.267347224
PTS2,BL,F,N,2.484226779,3.18354701,0.423353738,0.153312846
PTS2,CM,F,G,2.484226779,3.18354701,0.37733508,0.139039609
PTS2,CM,F,N,2.484226779,3.18354701,0.511538789,0.179419296
PTS2,FX,F,G,2.484226779,3.18354701,0.786295336,0.251953264
PTS2,FX,F,N,2.484226779,3.18354701,0.599920775,0.204098478
PTS2,MH,F,G,2.484226779,3.18354701,0.361029127,0.13386742
PTS2,MH,F,N,2.484226779,3.18354701,0.194217426,0.077083404
PTS2,QG,F,G,2.484226779,3.18354701,0.191792771,0.076200747
PTS2,QG,F,N,2.484226779,3.18354701,0.300761886,0.114197803
PTS2,XZ,F,G,2.484226779,3.18354701,0.327455017,0.123019813
PTS2,XZ,F,N,2.484226779,3.18354701,0.669049609,0.222469245
PTS3,BL,G,G,2.484226779,3.18354701,0.531967423,0.18524953
PTS3,BL,G,N,2.484226779,3.18354701,0.416132562,0.151103909
PTS3,CM,G,G,2.484226779,3.18354701,0.216505927,0.085114229
PTS3,CM,G,N,2.484226779,3.18354701,0.46356636,0.165412419
PTS3,FX,G,G,2.484226779,3.18354701,0.835322672,0.26371243
PTS3,FX,G,N,2.484226779,3.18354701,1.579335434,0.411507824
PTS3,MH,G,G,2.484226779,3.18354701,0.499716523,0.176009176
PTS3,MH,G,N,2.484226779,3.18354701,0.297383181,0.113068264
PTS3,QG,G,G,2.484226779,3.18354701,0.270289296,0.103902639
PTS3,QG,G,N,2.484226779,3.18354701,0.497527334,0.175374758
PTS3,XZ,G,G,2.484226779,3.18354701,0.589588393,0.201284683
PTS3,XZ,G,N,2.484226779,3.18354701,0.366130086,0.135492056
PZ1,BL,F,G,1.352263476,2.110669415,0.214622951,0.1944337
PZ1,BL,F,N,1.352263476,2.110669415,0.581683722,0.199119645
PZ1,CM,F,G,1.352263476,2.110669415,0.189663034,0.075423967
PZ1,CM,F,N,1.352263476,2.110669415,0.415240343,0.1508302
PZ1,FX,F,G,1.352263476,2.110669415,0.397002147,0.145197074
PZ1,FX,F,N,1.352263476,2.110669415,0.687508786,0.227246043
PZ1,MH,F,G,1.352263476,2.110669415,0.35434345,0.131728812
PZ1,MH,F,N,1.352263476,2.110669415,0.498251368,0.175584683
PZ1,QG,F,G,1.352263476,2.110669415,0.396242668,0.144960906
PZ1,QG,F,N,1.352263476,2.110669415,0.430854106,0.155595354
PZ1,XZ,F,G,1.352263476,2.110669415,0.46349311,0.165390682
PZ1,XZ,F,N,1.352263476,2.110669415,0.570347268,0.195995703
PZ2,BL,F,G,1.352263476,2.110669415,0.491685523,0.399906704
PZ2,BL,F,N,1.352263476,2.110669415,0.480902066,0.170526339
PZ2,CM,F,G,1.352263476,2.110669415,0.318472444,0.120071057
PZ2,CM,F,N,1.352263476,2.110669415,0.400452677,0.146268438
PZ2,FX,F,G,1.352263476,2.110669415,0.759649775,0.245426238
PZ2,FX,F,N,1.352263476,2.110669415,1.158251215,0.334101994
PZ2,MH,F,G,1.352263476,2.110669415,0.562681992,0.193870607
PZ2,MH,F,N,1.352263476,2.110669415,0.562834121,0.193912885
PZ2,QG,F,G,1.352263476,2.110669415,0.348990707,0.130008958
PZ2,QG,F,N,1.352263476,2.110669415,0.360767175,0.133783824
PZ2,XZ,F,G,1.352263476,2.110669415,0.507250729,0.178185503
PZ2,XZ,F,N,1.352263476,2.110669415,0.720799435,0.235730255
PZ4,BL,G,G,1.352263476,2.110669415,0.313195536,0.118329398
PZ4,BL,G,N,1.352263476,2.110669415,0.49803809,0.175522856
PZ4,CM,G,G,1.352263476,2.110669415,0.211095965,0.083178557
PZ4,CM,G,N,1.352263476,2.110669415,0.509606435,0.178863738
PZ4,FX,G,G,1.352263476,2.110669415,0.784865528,0.251605502
PZ4,FX,G,N,1.352263476,2.110669415,0.970542924,0.294585899
PZ4,MH,G,G,1.352263476,2.110669415,0.392868723,0.143910186
PZ4,MH,G,N,1.352263476,2.110669415,0.553300778,0.19125556
PZ4,QG,G,G,1.352263476,2.110669415,0.225193795,0.088204789
PZ4,QG,G,N,1.352263476,2.110669415,0.481896328,0.170817822
PZ4,XZ,G,G,1.352263476,2.110669415,0.481387835,0.170668774
PZ4,XZ,G,N,1.352263476,2.110669415,0.632227851,0.212780784
QB1,BL,F,G,0.360637777,4.15118674,0.256373071,0.228229055
QB1,BL,F,N,0.360637777,4.15118674,0.364403315,0.134942766
QB1,CM,F,G,0.360637777,4.15118674,0.283677353,0.108455879
QB1,CM,F,N,0.360637777,4.15118674,0.491850654,0.173725349
QB1,FX,F,G,0.360637777,4.15118674,0.593190471,0.2022677
QB1,FX,F,N,0.360637777,4.15118674,0.991439414,0.299167098
QB1,MH,F,G,0.360637777,4.15118674,0.303919916,0.115250919
QB1,MH,F,N,0.360637777,4.15118674,0.263328458,0.101516279
QB1,QG,F,G,0.360637777,4.15118674,0.24569868,0.095413004
QB1,QG,F,N,0.360637777,4.15118674,0.270601066,0.104009215
QB1,XZ,F,G,0.360637777,4.15118674,0.347584,0.129555846
QB1,XZ,F,N,0.360637777,4.15118674,0.361924941,0.134153173
QB2,BL,G,G,0.360637777,4.15118674,0.237379024,0.09250275
QB2,BL,G,N,0.360637777,4.15118674,0.272544822,0.104673088
QB2,CM,G,G,0.360637777,4.15118674,0.228866422,0.089504678
QB2,CM,G,N,0.360637777,4.15118674,0.289479233,0.110414352
QB2,FX,G,G,0.360637777,4.15118674,0.534972647,0.186100641
QB2,FX,G,N,0.360637777,4.15118674,1.308731476,0.363373424
QB2,MH,G,G,0.360637777,4.15118674,0.313842064,0.118543162
QB2,MH,G,N,0.360637777,4.15118674,0.450134016,0.16140814
QB2,QG,G,G,0.360637777,4.15118674,0.225351424,0.08826066
QB2,QG,G,N,0.360637777,4.15118674,0.224683871,0.088023998
QB2,XZ,G,G,0.360637777,4.15118674,0.152608204,0.061681706
QB2,XZ,G,N,0.360637777,4.15118674,0.705037826,0.231734018
QRD 1,BL,F,G,-0.747146969,1.434581626,0.296369852,0.259567937
QRD 1,BL,F,N,-0.747146969,1.434581626,0.461112824,0.164683753
QRD 1,CM,F,G,-0.747146969,1.434581626,0.250387791,0.097044725
QRD 1,CM,F,N,-0.747146969,1.434581626,0.469529417,0.167178284
QRD 1,FX,F,G,-0.747146969,1.434581626,0.652361498,0.218105067
QRD 1,FX,F,N,-0.747146969,1.434581626,1.224506706,0.347233719
QRD 1,MH,F,G,-0.747146969,1.434581626,0.53457548,0.185988255
QRD 1,MH,F,N,-0.747146969,1.434581626,0.369026871,0.136411972
QRD 1,QG,F,G,-0.747146969,1.434581626,0.231561608,0.090456142
QRD 1,QG,F,N,-0.747146969,1.434581626,0.266183788,0.102496749
QRD 1,XZ,F,G,-0.747146969,1.434581626,0.42580223,0.15405929
QRD 1,XZ,F,N,-0.747146969,1.434581626,0.439731937,0.158281639
QRD 2,BL,G,G,-0.747146969,1.434581626,0.593591234,0.202376932
QRD 2,BL,G,N,-0.747146969,1.434581626,0.570347268,0.195995703
QRD 2,CM,G,G,-0.747146969,1.434581626,0.201854307,0.079851824
QRD 2,CM,G,N,-0.747146969,1.434581626,0.52238951,0.182525783
QRD 2,FX,G,G,-0.747146969,1.434581626,1.269067372,0.355847391
QRD 2,FX,G,N,-0.747146969,1.434581626,0.853589881,0.26801365
QRD 2,MH,G,G,-0.747146969,1.434581626,0.307925809,0.11658311
QRD 2,MH,G,N,-0.747146969,1.434581626,0.573791827,0.196947286
QRD 2,QG,G,G,-0.747146969,1.434581626,0.164062325,0.065976233
QRD 2,QG,G,N,-0.747146969,1.434581626,0.181996951,0.072616356
QRD 2,XZ,G,G,-0.747146969,1.434581626,0.411871816,0.149795269
QRD 2,XZ,G,N,-0.747146969,1.434581626,0.815241193,0.258934338
THD 2,BL,F,G,3.715880738,2.214645535,0.273737961,0.241955854
THD 2,BL,F,N,3.715880738,2.214645535,0.452760742,0.162194095
THD 2,CM,F,G,3.715880738,2.214645535,0.252241603,0.097688128
THD 2,CM,F,N,3.715880738,2.214645535,0.596188966,0.203084304
THD 2,FX,F,G,3.715880738,2.214645535,0.647613518,0.216855347
THD 2,FX,F,N,3.715880738,2.214645535,1.894050923,0.461506169
THD 2,MH,F,G,3.715880738,2.214645535,0.423991425,0.153507374
THD 2,MH,F,N,3.715880738,2.214645535,0.323865836,0.121843975
THD 2,QG,F,G,3.715880738,2.214645535,0.215427932,0.084729213
THD 2,QG,F,N,3.715880738,2.214645535,0.272533217,0.104669128
THD 2,XZ,F,G,3.715880738,2.214645535,0.390622304,0.143209191
THD 2,XZ,F,N,3.715880738,2.214645535,0.52238951,0.182525783
THD 3,BL,G,G,3.715880738,2.214645535,0.217841577,0.085590797
THD 3,BL,G,N,3.715880738,2.214645535,0.461996908,0.164946454
THD 3,CM,G,G,3.715880738,2.214645535,0.224403755,0.087924653
THD 3,CM,G,N,3.715880738,2.214645535,0.384835945,0.141398328
THD 3,FX,G,G,3.715880738,2.214645535,0.829927029,0.262433772
THD 3,FX,G,N,3.715880738,2.214645535,1.166038578,0.335666187
THD 3,MH,G,G,3.715880738,2.214645535,0.272956083,0.104813421
THD 3,MH,G,N,3.715880738,2.214645535,0.565220073,0.194575409
THD 3,QG,G,G,3.715880738,2.214645535,0.295990851,0.112601936
THD 3,QG,G,N,3.715880738,2.214645535,0.318485952,0.120075507
THD 3,XZ,G,G,3.715880738,2.214645535,0.420332314,0.152389968
THD 3,XZ,G,N,3.715880738,2.214645535,0.428511641,0.154883784
THD 4,BL,F,G,3.715880738,2.214645535,0.35416611,0.303185848
THD 4,BL,F,N,3.715880738,2.214645535,0.392781353,0.143882944
THD 4,CM,F,G,3.715880738,2.214645535,0.423991425,0.153507374
THD 4,CM,F,N,3.715880738,2.214645535,0.359139009,0.133263877
THD 4,FX,F,G,3.715880738,2.214645535,0.974718451,0.295505184
THD 4,FX,F,N,3.715880738,2.214645535,1.393464331,0.37902696
THD 4,MH,F,G,3.715880738,2.214645535,0.329041573,0.123538566
THD 4,MH,F,N,3.715880738,2.214645535,0.388572295,0.142568496
THD 4,QG,F,G,3.715880738,2.214645535,0.214225045,0.084299187
THD 4,QG,F,N,3.715880738,2.214645535,0.376359244,0.138731804
THD 4,XZ,F,G,3.715880738,2.214645535,0.423991425,0.153507374
THD 4,XZ,F,N,3.715880738,2.214645535,0.804159896,0.256275025
XGS1,BL,F,G,-2.97473158,1.97222922,0.379837763,0.321965929
XGS1,BL,F,N,-2.97473158,1.97222922,0.303899071,0.115243976
XGS1,CM,F,G,-2.97473158,1.97222922,0.352384784,0.131100276
XGS1,CM,F,N,-2.97473158,1.97222922,0.600805911,0.204338679
XGS1,FX,F,G,-2.97473158,1.97222922,0.677005833,0.224534573
XGS1,FX,F,N,-2.97473158,1.97222922,1.19231547,0.340903048
XGS1,MH,F,G,-2.97473158,1.97222922,0.415975848,0.151055846
XGS1,MH,F,N,-2.97473158,1.97222922,0.413473988,0.150287821
XGS1,QG,F,G,-2.97473158,1.97222922,0.330354308,0.12396732
XGS1,QG,F,N,-2.97473158,1.97222922,0.421901613,0.152869547
XGS1,XZ,F,G,-2.97473158,1.97222922,0.303875613,0.115236163
XGS1,XZ,F,N,-2.97473158,1.97222922,0.591640035,0.201844855
XJS1,BL,F,G,-1.77107757,3.587952557,0.304643189,0.265929585
XJS1,BL,F,N,-1.77107757,3.587952557,0.252462583,0.09776476
XJS1,CM,F,G,-1.77107757,3.587952557,0.30311569,0.114982974
XJS1,CM,F,N,-1.77107757,3.587952557,0.330808742,0.124115645
XJS1,FX,F,G,-1.77107757,3.587952557,0.824124267,0.261054421
XJS1,FX,F,N,-1.77107757,3.587952557,0.734931898,0.239282432
XJS1,MH,F,G,-1.77107757,3.587952557,0.389291061,0.142793241
XJS1,MH,F,N,-1.77107757,3.587952557,0.57017329,0.195947585
XJS1,QG,F,G,-1.77107757,3.587952557,0.283138352,0.108273486
XJS1,QG,F,N,-1.77107757,3.587952557,0.417413399,0.151496534
XJS1,XZ,F,G,-1.77107757,3.587952557,0.406368183,0.148099033
XJS1,XZ,F,N,-1.77107757,3.587952557,0.258902611,0.099992134
XJS2,BL,G,G,-1.77107757,3.587952557,0.327308052,0.122971729
XJS2,BL,G,N,-1.77107757,3.587952557,0.403422645,0.14718848
XJS2,CM,G,G,-1.77107757,3.587952557,0.36039562,0.133665225
XJS2,CM,G,N,-1.77107757,3.587952557,0.481056678,0.170571679
XJS2,FX,G,G,-1.77107757,3.587952557,0.611270777,0.207168531
XJS2,FX,G,N,-1.77107757,3.587952557,1.082142026,0.31851035
XJS2,MH,G,G,-1.77107757,3.587952557,0.277607028,0.106397292
XJS2,MH,G,N,-1.77107757,3.587952557,0.434972584,0.156843604
XJS2,QG,G,G,-1.77107757,3.587952557,0.294099945,0.111967819
XJS2,QG,G,N,-1.77107757,3.587952557,0.379826803,0.139824577
XJS2,XZ,G,G,-1.77107757,3.587952557,0.464856248,0.165795008
XJS2,XZ,G,N,-1.77107757,3.587952557,0.605009796,0.205477687
XMS1,BL,F,G,-0.685951164,1.693574689,0.268321813,0.23769462
XMS1,BL,F,N,-0.685951164,1.693574689,0.599944566,0.204104936
XMS1,CM,F,G,-0.685951164,1.693574689,0.253872798,0.098253481
XMS1,CM,F,N,-0.685951164,1.693574689,0.477877282,0.169638373
XMS1,FX,F,G,-0.685951164,1.693574689,0.450265031,0.161447375
XMS1,FX,F,N,-0.685951164,1.693574689,0.990095117,0.298873834
XMS1,MH,F,G,-0.685951164,1.693574689,0.195032044,0.077379551
XMS1,MH,F,N,-0.685951164,1.693574689,0.388939554,0.142683346
XMS1,QG,F,G,-0.685951164,1.693574689,0.175082253,0.070068267
XMS1,QG,F,N,-0.685951164,1.693574689,0.175970941,0.07039659
XMS1,XZ,F,G,-0.685951164,1.693574689,0.47554394,0.168952147
XMS1,XZ,F,N,-0.685951164,1.693574689,0.303899071,0.115243976
XS 1,BL,F,G,3.177851507,3.248807011,0.25431435,0.226589089
XS 1,BL,F,N,3.177851507,3.248807011,0.30016257,0.113997659
XS 1,CM,F,G,3.177851507,3.248807011,0.253099681,0.097985619
XS 1,CM,F,N,3.177851507,3.248807011,0.298186753,0.113337173
XS 1,FX,F,G,3.177851507,3.248807011,0.887258974,0.275831499
XS 1,FX,F,N,3.177851507,3.248807011,0.784253612,0.251456585
XS 1,MH,F,G,3.177851507,3.248807011,0.378949623,0.1395484
XS 1,MH,F,N,3.177851507,3.248807011,0.348287877,0.12978263
XS 1,QG,F,G,3.177851507,3.248807011,0.227903923,0.089164387
XS 1,QG,F,N,3.177851507,3.248807011,0.287373405,0.109704533
XS 1,XZ,F,G,3.177851507,3.248807011,0.539537355,0.187390231
XS 1,XZ,F,N,3.177851507,3.248807011,0.459433603,0.164184342
XS 2,BL,F,G,3.177851507,3.248807011,0.382994918,0.324251378
XS 2,BL,F,N,3.177851507,3.248807011,0.38663963,0.141963608
XS 2,CM,F,G,3.177851507,3.248807011,0.317803904,0.11985079
XS 2,CM,F,N,3.177851507,3.248807011,0.33817503,0.126512922
XS 2,FX,F,G,3.177851507,3.248807011,0.686184441,0.226905078
XS 2,FX,F,N,3.177851507,3.248807011,0.825932629,0.261484749
XS 2,MH,F,G,3.177851507,3.248807011,0.411866484,0.149793629
XS 2,MH,F,N,3.177851507,3.248807011,0.649554495,0.217366668
XS 2,QG,F,G,3.177851507,3.248807011,0.294700069,0.112169171
XS 2,QG,F,N,3.177851507,3.248807011,0.330528745,0.124024262
XS 2,XZ,F,G,3.177851507,3.248807011,0.379562476,0.139741373
XS 2,XZ,F,N,3.177851507,3.248807011,0.484162525,0.171481461
XS 3,BL,G,G,3.177851507,3.248807011,0.264490479,0.101915564
XS 3,BL,G,N,3.177851507,3.248807011,0.401032468,0.1464482
XS 3,CM,G,G,3.177851507,3.248807011,0.261473075,0.100877985
XS 3,CM,G,N,3.177851507,3.248807011,0.294099945,0.111967819
XS 3,FX,G,G,3.177851507,3.248807011,0.910015582,0.28103691
XS 3,FX,G,N,3.177851507,3.248807011,1.182039686,0.338862645
XS 3,MH,G,G,3.177851507,3.248807011,0.468768021,0.166953208
XS 3,MH,G,N,3.177851507,3.248807011,0.472443912,0.168038761
XS 3,QG,G,G,3.177851507,3.248807011,0.22295914,0.087411947
XS 3,QG,G,N,3.177851507,3.248807011,0.421677954,0.152801229
XS 3,XZ,G,G,3.177851507,3.248807011,0.399578954,0.145997403
XS 3,XZ,G,N,3.177851507,3.248807011,0.36531516,0.135232913
XSD1,BL,F,G,1.963749447,2.945160406,0.300395581,0.262668511
XSD1,BL,F,N,1.963749447,2.945160406,0.473109302,0.168234972
XSD1,CM,F,G,1.963749447,2.945160406,0.315638177,0.119136467
XSD1,CM,F,N,1.963749447,2.945160406,0.435514488,0.15700758
XSD1,FX,F,G,1.963749447,2.945160406,0.755741207,0.244460502
XSD1,FX,F,N,1.963749447,2.945160406,0.941940374,0.288235891
XSD1,MH,F,G,1.963749447,2.945160406,0.30945293,0.117089892
XSD1,MH,F,N,1.963749447,2.945160406,0.404197349,0.147428149
XSD1,QG,F,G,1.963749447,2.945160406,0.17436536,0.069803232
XSD1,QG,F,N,1.963749447,2.945160406,0.316730908,0.11949703
XSD1,XZ,F,G,1.963749447,2.945160406,0.332045797,0.124519157
XSD1,XZ,F,N,1.963749447,2.945160406,0.613020159,0.207639795
XSD2,BL,G,G,1.963749447,2.945160406,0.359445094,0.133361672
XSD2,BL,G,N,1.963749447,2.945160406,0.32435824,0.122005478
XSD2,CM,G,G,1.963749447,2.945160406,0.26374504,0.101659464
XSD2,CM,G,N,1.963749447,2.945160406,0.282619333,0.108097782
XSD2,FX,G,G,1.963749447,2.945160406,0.852258362,0.267701564
XSD2,FX,G,N,1.963749447,2.945160406,0.890092439,0.276483045
XSD2,MH,G,G,1.963749447,2.945160406,0.27808774,0.106560669
XSD2,MH,G,N,1.963749447,2.945160406,0.541667921,0.187990836
XSD2,QG,G,G,1.963749447,2.945160406,0.123594073,0.05060944
XSD2,QG,G,N,1.963749447,2.945160406,0.320945867,0.12088502
XSD2,XZ,G,G,1.963749447,2.945160406,0.378362796,0.139363542
XSD2,XZ,G,N,1.963749447,2.945160406,0.462173283,0.164998844
XTJ1,BL,F,G,-1.21146715,1.842094687,0.229128179,0.206305121
XTJ1,BL,F,N,-1.21146715,1.842094687,0.362790134,0.134428981
XTJ1,CM,F,G,-1.21146715,1.842094687,0.367162667,0.135820191
XTJ1,CM,F,N,-1.21146715,1.842094687,0.496079902,0.174954789
XTJ1,FX,F,G,-1.21146715,1.842094687,0.993708528,0.299661667
XTJ1,FX,F,N,-1.21146715,1.842094687,0.853344086,0.267956057
XTJ1,MH,F,G,-1.21146715,1.842094687,0.331768915,0.124428874
XTJ1,MH,F,N,-1.21146715,1.842094687,0.361744483,0.134095624
XTJ1,QG,F,G,-1.21146715,1.842094687,0.229807018,0.089836967
XTJ1,QG,F,N,-1.21146715,1.842094687,0.37157122,0.137218364
XTJ1,XZ,F,G,-1.21146715,1.842094687,0.425510263,0.153970348
XTJ1,XZ,F,N,-1.21146715,1.842094687,0.543428289,0.188486456
XWCD1,BL,F,G,-1.232960576,3.135808535,0.310014398,0.270038128
XWCD1,BL,F,N,-1.232960576,3.135808535,0.563172214,0.194006827
XWCD1,CM,F,G,-1.232960576,3.135808535,0.445865033,0.160127755
XWCD1,CM,F,N,-1.232960576,3.135808535,0.488240332,0.17267307
XWCD1,FX,F,G,-1.232960576,3.135808535,0.533252871,0.185613787
XWCD1,FX,F,N,-1.232960576,3.135808535,1.072446997,0.316483432
XWCD1,MH,F,G,-1.232960576,3.135808535,0.550954564,0.190599075
XWCD1,MH,F,N,-1.232960576,3.135808535,0.473401674,0.168321159
XWCD1,QG,F,G,-1.232960576,3.135808535,0.150814921,0.061005484
XWCD1,QG,F,N,-1.232960576,3.135808535,0.256422105,0.099135569
XWCD1,XZ,F,G,-1.232960576,3.135808535,0.398832153,0.145765606
XWCD1,XZ,F,N,-1.232960576,3.135808535,1.440533919,0.387484848
XWCD2,BL,G,G,-1.232960576,3.135808535,0.235216944,0.09174324
XWCD2,BL,G,N,-1.232960576,3.135808535,0.556790916,0.192230289
XWCD2,CM,G,G,-1.232960576,3.135808535,0.261124436,0.100757941
XWCD2,CM,G,N,-1.232960576,3.135808535,0.490086454,0.173211467
XWCD2,FX,G,G,-1.232960576,3.135808535,0.88011688,0.274184849
XWCD2,FX,G,N,-1.232960576,3.135808535,1.305207946,0.362710108
XWCD2,MH,G,G,-1.232960576,3.135808535,0.381803752,0.140446368
XWCD2,MH,G,N,-1.232960576,3.135808535,0.266354077,0.102555153
XWCD2,QG,G,G,-1.232960576,3.135808535,0.135333006,0.055123264
XWCD2,QG,G,N,-1.232960576,3.135808535,0.38200193,0.14050865
XWCD2,XZ,G,G,-1.232960576,3.135808535,0.47554394,0.168952147
XWCD2,XZ,G,N,-1.232960576,3.135808535,0.617815046,0.20892887
XZ 1,BL,F,G,2.888712742,2.602837338,0.334423421,0.288499304
XZ 1,BL,F,N,2.888712742,2.602837338,0.303043519,0.114958921
XZ 1,CM,F,G,2.888712742,2.602837338,0.251664847,0.097488055
XZ 1,CM,F,N,2.888712742,2.602837338,0.764042826,0.246509124
XZ 1,FX,F,G,2.888712742,2.602837338,0.787725764,0.252300899
XZ 1,FX,F,N,2.888712742,2.602837338,1.224710903,0.347273583
XZ 1,MH,F,G,2.888712742,2.602837338,0.328624606,0.123402291
XZ 1,MH,F,N,2.888712742,2.602837338,0.570821424,0.196126816
XZ 1,QG,F,G,2.888712742,2.602837338,0.211240692,0.083230453
XZ 1,QG,F,N,2.888712742,2.602837338,0.142392024,0.057815162
XZ 1,XZ,F,G,2.888712742,2.602837338,0.342418092,0.127887797
XZ 1,XZ,F,N,2.888712742,2.602837338,1.057895961,0.313423415
XZ 2,BL,F,G,2.888712742,2.602837338,0.419638001,0.35040191
XZ 2,BL,F,N,2.888712742,2.602837338,0.473021458,0.168209073
XZ 2,CM,F,G,2.888712742,2.602837338,0.416302492,0.151156019
XZ 2,CM,F,N,2.888712742,2.602837338,0.581683722,0.199119645
XZ 2,FX,F,G,2.888712742,2.602837338,0.578622176,0.198278199
XZ 2,FX,F,N,2.888712742,2.602837338,0.980744411,0.296828439
XZ 2,MH,F,G,2.888712742,2.602837338,0.336645533,0.126016251
XZ 2,MH,F,N,2.888712742,2.602837338,0.297778171,0.113200465
XZ 2,QG,F,G,2.888712742,2.602837338,0.277173074,0.106249754
XZ 2,QG,F,N,2.888712742,2.602837338,0.44087952,0.158627669
XZ 2,XZ,F,G,2.888712742,2.602837338,0.415761816,0.150990195
XZ 2,XZ,F,N,2.888712742,2.602837338,0.376543828,0.138790044
XZ 3,BL,G,G,2.888712742,2.602837338,0.274819201,0.105448596
XZ 3,BL,G,N,2.888712742,2.602837338,0.394682444,0.144475334
XZ 3,CM,G,G,2.888712742,2.602837338,0.261124436,0.100757941
XZ 3,CM,G,N,2.888712742,2.602837338,0.254572682,0.098495827
XZ 3,FX,G,G,2.888712742,2.602837338,0.469913093,0.167291658
XZ 3,FX,G,N,2.888712742,2.602837338,1.017269401,0.304763901
XZ 3,MH,G,G,2.888712742,2.602837338,0.386648695,0.141966447
XZ 3,MH,G,N,2.888712742,2.602837338,0.286486468,0.109405222
XZ 3,QG,G,G,2.888712742,2.602837338,0.147581741,0.05978363
XZ 3,QG,G,N,2.888712742,2.602837338,0.217940007,0.085625896
XZ 3,XZ,G,G,2.888712742,2.602837338,0.4035868,0.147239275
XZ 3,XZ,G,N,2.888712742,2.602837338,0.411885515,0.149799483
ZJJ 1,BL,F,G,4.185015023,2.916361792,0.329934817,0.285129931
ZJJ 1,BL,F,N,4.185015023,2.916361792,0.4050499,0.147691748
ZJJ 1,CM,F,G,4.185015023,2.916361792,0.297416623,0.113079458
ZJJ 1,CM,F,N,4.185015023,2.916361792,0.546013312,0.189213229
ZJJ 1,FX,F,G,4.185015023,2.916361792,0.561268931,0.193477717
ZJJ 1,FX,F,N,4.185015023,2.916361792,1.416581267,0.383201405
ZJJ 1,MH,F,G,4.185015023,2.916361792,0.282655227,0.108109935
ZJJ 1,MH,F,N,4.185015023,2.916361792,0.340329431,0.127211554
ZJJ 1,QG,F,G,4.185015023,2.916361792,0.203308188,0.080376872
ZJJ 1,QG,F,N,4.185015023,2.916361792,0.319596317,0.120441095
ZJJ 1,XZ,F,G,4.185015023,2.916361792,0.449863663,0.161327166
ZJJ 1,XZ,F,N,4.185015023,2.916361792,0.707326119,0.232316484
ZJJ2,BL,F,G,4.185015023,2.916361792,0.327362769,0.283194093
ZJJ2,BL,F,N,4.185015023,2.916361792,0.47314606,0.168245809
ZJJ2,CM,F,G,4.185015023,2.916361792,0.393590462,0.144135165
ZJJ2,CM,F,N,4.185015023,2.916361792,0.556888869,0.192257614
ZJJ2,FX,F,G,4.185015023,2.916361792,0.761513753,0.245886038
ZJJ2,FX,F,N,4.185015023,2.916361792,1.093038301,0.320777176
ZJJ2,MH,F,G,4.185015023,2.916361792,0.333135948,0.124874439
ZJJ2,MH,F,N,4.185015023,2.916361792,0.239040056,0.093085347
ZJJ2,QG,F,G,4.185015023,2.916361792,0.172386816,0.069070926
ZJJ2,QG,F,N,4.185015023,2.916361792,0.266803788,0.102709353
ZJJ2,XZ,F,G,4.185015023,2.916361792,0.52238951,0.182525783
ZJJ2,XZ,F,N,4.185015023,2.916361792,0.56373224,0.19416239
ZRS1,BL,F,G,0.860907213,1.421793949,0.451294557,0.372455956
ZRS1,BL,F,N,0.860907213,1.421793949,0.404454563,0.147507693
ZRS1,CM,F,G,0.860907213,1.421793949,0.306366823,0.116065142
ZRS1,CM,F,N,0.860907213,1.421793949,0.171321006,0.068675932
ZRS1,FX,F,G,0.860907213,1.421793949,0.362999952,0.134495841
ZRS1,FX,F,N,0.860907213,1.421793949,0.919189133,0.283117776
ZRS1,MH,F,G,0.860907213,1.421793949,0.340464763,0.127255402
ZRS1,MH,F,N,0.860907213,1.421793949,0.31986977,0.120531082
ZRS1,QG,F,G,0.860907213,1.421793949,0.198388374,0.078597587
ZRS1,QG,F,N,0.860907213,1.421793949,0.315736619,0.119168962
ZRS1,XZ,F,G,0.860907213,1.421793949,0.625465772,0.210977829
ZRS1,XZ,F,N,0.860907213,1.421793949,0.400844492,0.146389927
ZRS2,BL,G,G,0.860907213,1.421793949,0.416622468,0.151254126
ZRS2,BL,G,N,0.860907213,1.421793949,0.454995057,0.162861518
ZRS2,CM,G,G,0.860907213,1.421793949,0.377171452,0.138988011
ZRS2,CM,G,N,0.860907213,1.421793949,0.605810589,0.205694317
ZRS2,FX,G,G,0.860907213,1.421793949,0.888783036,0.276182073
ZRS2,FX,G,N,0.860907213,1.421793949,1.428017827,0.385251871
ZRS2,MH,G,G,0.860907213,1.421793949,0.36767827,0.135983947
ZRS2,MH,G,N,0.860907213,1.421793949,0.450228071,0.161436307
ZRS2,QG,G,G,0.860907213,1.421793949,0.250803009,0.097188917
ZRS2,QG,G,N,0.860907213,1.421793949,0.243932531,0.094796826
ZRS2,XZ,G,G,0.860907213,1.421793949,0.537006652,0.186675747
ZRS2,XZ,G,N,0.860907213,1.421793949,0.698391177,0.230037725
ZS 2,BL,F,G,6.244897415,2.160543385,0.280607606,0.247334657
ZS 2,BL,F,N,6.244897415,2.160543385,0.353315828,0.131399161
ZS 2,CM,F,G,6.244897415,2.160543385,0.303043519,0.114958921
ZS 2,CM,F,N,6.244897415,2.160543385,0.408261361,0.148683264
ZS 2,FX,F,G,6.244897415,2.160543385,0.743872795,0.241514803
ZS 2,FX,F,N,6.244897415,2.160543385,0.992443375,0.299385988
ZS 2,MH,F,G,6.244897415,2.160543385,0.411876799,0.149796802
ZS 2,MH,F,N,6.244897415,2.160543385,0.409055381,0.148928063
ZS 2,QG,F,G,6.244897415,2.160543385,0.229807018,0.089836967
ZS 2,QG,F,N,6.244897415,2.160543385,0.329833866,0.123797389
ZS 2,XZ,F,G,6.244897415,2.160543385,0.465884589,0.166099779
ZS 2,XZ,F,N,6.244897415,2.160543385,0.615614693,0.208337794
ZS 3,BL,F,G,6.244897415,2.160543385,0.340265882,0.292868014
ZS 3,BL,F,N,6.244897415,2.160543385,0.491549288,0.173637609
ZS 3,CM,F,G,6.244897415,2.160543385,0.254572682,0.098495827
ZS 3,CM,F,N,6.244897415,2.160543385,0.587966105,0.200841228
ZS 3,FX,F,G,6.244897415,2.160543385,0.645154536,0.216206699
ZS 3,FX,F,N,6.244897415,2.160543385,0.847735588,0.266639824
ZS 3,MH,F,G,6.244897415,2.160543385,0.301014989,0.1142823
ZS 3,MH,F,N,6.244897415,2.160543385,0.416467529,0.151206623
ZS 3,QG,F,G,6.244897415,2.160543385,0.243001624,0.094471696
ZS 3,QG,F,N,6.244897415,2.160543385,0.286781116,0.109504679
ZS 3,XZ,F,G,6.244897415,2.160543385,0.462173283,0.164998844
ZS 3,XZ,F,N,6.244897415,2.160543385,0.496295378,0.175017334
ZS 5,BL,F,G,6.244897415,2.160543385,0.440507815,0.364995701
ZS 5,BL,F,N,6.244897415,2.160543385,0.57395737,0.196992965
ZS 5,CM,F,N,6.244897415,2.160543385,0.721777813,0.235977107
ZS 5,FX,F,G,6.244897415,2.160543385,0.777606922,0.249835733
ZS 5,MH,F,G,6.244897415,2.160543385,0.439731937,0.158281639
ZS 5,MH,F,N,6.244897415,2.160543385,0.329221957,0.123597507
ZS 5,QG,F,G,6.244897415,2.160543385,0.272453401,0.104641887
ZS 5,QG,F,N,6.244897415,2.160543385,0.430164774,0.155386077
ZS 5,XZ,F,N,6.244897415,2.160543385,0.936853339,0.287096737
ZS1,BL,F,G,6.244897415,2.160543385,0.47750461,0.39035459
ZS1,BL,F,N,6.244897415,2.160543385,0.457494317,0.16360687
ZS1,CM,F,G,6.244897415,2.160543385,0.28072862,0.107457115
ZS1,CM,F,N,6.244897415,2.160543385,0.465884589,0.166099779
ZS1,FX,F,G,6.244897415,2.160543385,0.724195964,0.236586624
ZS1,FX,F,N,6.244897415,2.160543385,0.613405086,0.207743422
ZS1,MH,F,G,6.244897415,2.160543385,0.391807501,0.143579173
ZS1,QG,F,G,6.244897415,2.160543385,0.36039562,0.133665225
ZS1,QG,F,N,6.244897415,2.160543385,0.284084866,0.108593727
ZS1,XZ,F,G,6.244897415,2.160543385,0.407317207,0.148391998
ZS1,XZ,F,N,6.244897415,2.160543385,0.427897719,0.1546971
ZSD 1,BL,F,G,-2.565154869,3.581532779,0.339497836,0.292294794
ZSD 1,BL,F,N,-2.565154869,3.581532779,0.307925809,0.11658311
ZSD 1,CM,F,G,-2.565154869,3.581532779,0.284827172,0.108844713
ZSD 1,CM,F,N,-2.565154869,3.581532779,0.402697816,0.146964121
ZSD 1,FX,F,G,-2.565154869,3.581532779,0.612785916,0.207576722
ZSD 1,FX,F,N,-2.565154869,3.581532779,1.364644736,0.373765902
ZSD 1,MH,F,G,-2.565154869,3.581532779,0.391807501,0.143579173
ZSD 1,MH,F,N,-2.565154869,3.581532779,0.378023852,0.139256735
ZSD 1,QG,F,G,-2.565154869,3.581532779,0.208168302,0.082127437
ZSD 1,QG,F,N,-2.565154869,3.581532779,0.240678656,0.093659311
ZSD 1,XZ,F,G,-2.565154869,3.581532779,0.352251331,0.131057418
ZSD 1,XZ,F,N,-2.565154869,3.581532779,0.37229724,0.13744819
ZSD 2,BL,G,G,-2.565154869,3.581532779,0.385663268,0.141657705
ZSD 2,BL,G,N,-2.565154869,3.581532779,0.407679849,0.148503894
ZSD 2,CM,G,G,-2.565154869,3.581532779,0.247982236,0.096208404
ZSD 2,CM,G,N,-2.565154869,3.581532779,0.214225045,0.084299187
ZSD 2,FX,G,G,-2.565154869,3.581532779,0.653889529,0.218506498
ZSD 2,FX,G,N,-2.565154869,3.581532779,1.08119716,0.318313225
ZSD 2,MH,G,G,-2.565154869,3.581532779,0.382316862,0.140607606
ZSD 2,MH,G,N,-2.565154869,3.581532779,0.338940472,0.126761269
ZSD 2,QG,G,G,-2.565154869,3.581532779,0.186010832,0.074088656
ZSD 2,QG,G,N,-2.565154869,3.581532779,0.233554792,0.091158445
ZSD 2,XZ,G,G,-2.565154869,3.581532779,0.342418092,0.127887797
ZSD 2,XZ,G,N,-2.565154869,3.581532779,0.304842318,0.115558033
